[{"model": "subject.subject", "pk": 1, "fields": {"visible": true, "created_at": "2022-05-02T23:18:39.031Z", "updated_at": "2022-05-02T23:18:39.031Z", "name": "Maths", "rank": 0.0, "subcategories": null, "categories": [1], "classification": [4, 3, 1, 6, 2, 5]}}, {"model": "subject.subject", "pk": 2, "fields": {"visible": true, "created_at": "2022-05-02T23:18:39.045Z", "updated_at": "2022-05-02T23:18:39.045Z", "name": "Further Maths", "rank": 0.0, "subcategories": null, "categories": [1], "classification": [4, 6, 5]}}, {"model": "subject.subject", "pk": 3, "fields": {"visible": true, "created_at": "2022-05-02T23:18:39.049Z", "updated_at": "2022-05-02T23:18:39.049Z", "name": "Mechanics", "rank": 0.0, "subcategories": null, "categories": [1], "classification": [4, 2, 5]}}, {"model": "subject.subject", "pk": 4, "fields": {"visible": true, "created_at": "2022-05-02T23:18:39.054Z", "updated_at": "2022-05-02T23:18:39.054Z", "name": "Statistics", "rank": 0.0, "subcategories": null, "categories": [1], "classification": [4, 2, 5]}}, {"model": "subject.subject", "pk": 5, "fields": {"visible": true, "created_at": "2022-05-02T23:18:39.059Z", "updated_at": "2022-05-02T23:18:39.059Z", "name": "Pure Maths", "rank": 0.0, "subcategories": null, "categories": [1], "classification": [5]}}, {"model": "subject.subject", "pk": 6, "fields": {"visible": true, "created_at": "2022-05-02T23:18:39.063Z", "updated_at": "2022-05-02T23:18:39.063Z", "name": "English", "rank": 0.0, "subcategories": null, "categories": [2], "classification": [4, 3, 1, 6, 2, 5]}}, {"model": "subject.subject", "pk": 7, "fields": {"visible": true, "created_at": "2022-05-02T23:18:39.068Z", "updated_at": "2022-05-02T23:18:39.068Z", "name": "Writing", "rank": 0.0, "subcategories": null, "categories": [2], "classification": [4, 3, 1, 6, 2, 5]}}, {"model": "subject.subject", "pk": 8, "fields": {"visible": true, "created_at": "2022-05-02T23:18:39.073Z", "updated_at": "2022-05-02T23:18:39.073Z", "name": "Dissertation", "rank": 0.0, "subcategories": null, "categories": [2], "classification": [6, 5]}}, {"model": "subject.subject", "pk": 9, "fields": {"visible": true, "created_at": "2022-05-02T23:18:39.076Z", "updated_at": "2022-05-02T23:18:39.076Z", "name": "Essay Writing", "rank": 0.0, "subcategories": null, "categories": [2], "classification": [4, 3, 1, 6, 2, 5]}}, {"model": "subject.subject", "pk": 10, "fields": {"visible": true, "created_at": "2022-05-02T23:18:39.080Z", "updated_at": "2022-05-02T23:18:39.080Z", "name": "Spelling, Punctuation and Grammar", "rank": 0.0, "subcategories": null, "categories": [2], "classification": [4, 3, 1, 6, 2, 5]}}, {"model": "subject.subject", "pk": 11, "fields": {"visible": true, "created_at": "2022-05-02T23:18:39.083Z", "updated_at": "2022-05-02T23:18:39.083Z", "name": "Reading", "rank": 0.0, "subcategories": null, "categories": [2], "classification": [4, 3, 1, 6, 2]}}, {"model": "subject.subject", "pk": 12, "fields": {"visible": true, "created_at": "2022-05-02T23:18:39.089Z", "updated_at": "2022-05-02T23:18:39.089Z", "name": "Phonics", "rank": 0.0, "subcategories": null, "categories": [2], "classification": [4, 3, 1, 6, 2, 5]}}, {"model": "subject.subject", "pk": 13, "fields": {"visible": true, "created_at": "2022-05-02T23:18:39.093Z", "updated_at": "2022-05-02T23:18:39.093Z", "name": "English Literature", "rank": 0.0, "subcategories": null, "categories": [2], "classification": [4, 3, 1, 6, 2, 5]}}, {"model": "subject.subject", "pk": 14, "fields": {"visible": true, "created_at": "2022-05-02T23:18:39.096Z", "updated_at": "2022-05-02T23:18:39.096Z", "name": "Science", "rank": 0.0, "subcategories": null, "categories": [3], "classification": [4, 3, 1, 6, 2]}}, {"model": "subject.subject", "pk": 15, "fields": {"visible": true, "created_at": "2022-05-02T23:18:39.100Z", "updated_at": "2022-05-02T23:18:39.100Z", "name": "Biology", "rank": 0.0, "subcategories": null, "categories": [3], "classification": [4, 3, 1, 6, 2, 5]}}, {"model": "subject.subject", "pk": 16, "fields": {"visible": true, "created_at": "2022-05-02T23:18:39.105Z", "updated_at": "2022-05-02T23:18:39.105Z", "name": "Chemistry", "rank": 0.0, "subcategories": null, "categories": [3], "classification": [4, 3, 1, 6, 2, 5]}}, {"model": "subject.subject", "pk": 17, "fields": {"visible": true, "created_at": "2022-05-02T23:18:39.109Z", "updated_at": "2022-05-02T23:18:39.109Z", "name": "Physics", "rank": 0.0, "subcategories": null, "categories": [3], "classification": [4, 3, 1, 6, 2, 5]}}, {"model": "subject.subject", "pk": 18, "fields": {"visible": true, "created_at": "2022-05-02T23:18:39.113Z", "updated_at": "2022-05-02T23:18:39.113Z", "name": "Astronomy", "rank": 0.0, "subcategories": null, "categories": [3], "classification": [4, 3, 1, 6, 2, 5]}}, {"model": "subject.subject", "pk": 19, "fields": {"visible": true, "created_at": "2022-05-02T23:18:39.116Z", "updated_at": "2022-05-02T23:18:39.116Z", "name": "Physiology", "rank": 0.0, "subcategories": null, "categories": [3], "classification": [4, 3, 1, 6, 2, 5]}}, {"model": "subject.subject", "pk": 20, "fields": {"visible": true, "created_at": "2022-05-02T23:18:39.122Z", "updated_at": "2022-05-02T23:18:39.122Z", "name": "Biochemistry", "rank": 0.0, "subcategories": null, "categories": [3], "classification": [6, 5]}}, {"model": "subject.subject", "pk": 21, "fields": {"visible": true, "created_at": "2022-05-02T23:18:39.126Z", "updated_at": "2022-05-02T23:18:39.126Z", "name": "Biomedical Science", "rank": 0.0, "subcategories": null, "categories": [3], "classification": [6, 5]}}, {"model": "subject.subject", "pk": 22, "fields": {"visible": true, "created_at": "2022-05-02T23:18:39.129Z", "updated_at": "2022-05-02T23:18:39.129Z", "name": "Environmental Science", "rank": 0.0, "subcategories": null, "categories": [3], "classification": [6, 5]}}, {"model": "subject.subject", "pk": 23, "fields": {"visible": true, "created_at": "2022-05-02T23:18:39.133Z", "updated_at": "2022-05-02T23:18:39.133Z", "name": "Geology", "rank": 0.0, "subcategories": null, "categories": [3], "classification": [6, 5]}}, {"model": "subject.subjectcategory", "pk": 1, "fields": {"visible": true, "created_at": "2022-05-02T23:16:31.585Z", "updated_at": "2022-05-02T23:16:31.585Z", "name": "Mathematics"}}, {"model": "subject.subjectcategory", "pk": 2, "fields": {"visible": true, "created_at": "2022-05-02T23:16:31.592Z", "updated_at": "2022-05-02T23:16:31.592Z", "name": "English Language"}}, {"model": "subject.subjectcategory", "pk": 3, "fields": {"visible": true, "created_at": "2022-05-02T23:16:31.597Z", "updated_at": "2022-05-02T23:16:31.597Z", "name": "Science"}}, {"model": "subject.subjectcategory", "pk": 4, "fields": {"visible": true, "created_at": "2022-05-02T23:16:31.603Z", "updated_at": "2022-05-02T23:16:31.603Z", "name": "Languages"}}, {"model": "subject.subjectcategory", "pk": 5, "fields": {"visible": true, "created_at": "2022-05-02T23:16:31.608Z", "updated_at": "2022-05-02T23:16:31.608Z", "name": "Humanities & Arts"}}, {"model": "subject.subjectcategory", "pk": 6, "fields": {"visible": true, "created_at": "2022-05-02T23:16:31.613Z", "updated_at": "2022-05-02T23:16:31.613Z", "name": "Business and Professional Studies"}}, {"model": "subject.subjectcategory", "pk": 7, "fields": {"visible": true, "created_at": "2022-05-02T23:16:31.617Z", "updated_at": "2022-05-02T23:16:31.617Z", "name": "Computing"}}, {"model": "subject.subjectcategory", "pk": 8, "fields": {"visible": true, "created_at": "2022-05-02T23:16:31.621Z", "updated_at": "2022-05-02T23:16:31.621Z", "name": "Music"}}, {"model": "subject.subjectcategory", "pk": 9, "fields": {"visible": true, "created_at": "2022-05-02T23:16:31.626Z", "updated_at": "2022-05-02T23:16:31.626Z", "name": "Admissions"}}, {"model": "subject.subjectcategory", "pk": 10, "fields": {"visible": true, "created_at": "2022-05-02T23:16:31.630Z", "updated_at": "2022-05-02T23:16:31.630Z", "name": "Special Educational Needs"}}, {"model": "subject.subjectcategory", "pk": 11, "fields": {"visible": true, "created_at": "2022-05-02T23:16:31.634Z", "updated_at": "2022-05-02T23:16:31.634Z", "name": "Hobbies & Sports"}}, {"model": "subject.subjectcategory", "pk": 12, "fields": {"visible": true, "created_at": "2022-05-02T23:16:31.637Z", "updated_at": "2022-05-02T23:16:31.637Z", "name": "Primary and Early Years"}}, {"model": "subject.institutionclassification", "pk": 1, "fields": {"visible": true, "created_at": "2022-05-02T23:10:39.517Z", "updated_at": "2022-05-02T23:10:39.517Z", "name": "nursery school"}}, {"model": "subject.institutionclassification", "pk": 2, "fields": {"visible": true, "created_at": "2022-05-02T23:10:47.380Z", "updated_at": "2022-05-02T23:10:47.380Z", "name": "primary school"}}, {"model": "subject.institutionclassification", "pk": 3, "fields": {"visible": true, "created_at": "2022-05-02T23:10:51.863Z", "updated_at": "2022-05-02T23:10:51.863Z", "name": "high school"}}, {"model": "subject.institutionclassification", "pk": 4, "fields": {"visible": true, "created_at": "2022-05-02T23:10:56.347Z", "updated_at": "2022-05-02T23:10:56.347Z", "name": "college"}}, {"model": "subject.institutionclassification", "pk": 5, "fields": {"visible": true, "created_at": "2022-05-02T23:11:01.104Z", "updated_at": "2022-05-02T23:11:01.104Z", "name": "university"}}, {"model": "subject.institutionclassification", "pk": 6, "fields": {"visible": true, "created_at": "2022-05-02T23:11:06.502Z", "updated_at": "2022-05-02T23:11:06.502Z", "name": "online"}}, {"model": "subject.institutionclassification", "pk": 7, "fields": {"visible": true, "created_at": "2022-05-02T23:11:11.340Z", "updated_at": "2022-05-02T23:11:11.340Z", "name": "other"}}]
